refinement,h,n_dofs,wall_time,theta_L2,theta_L2_rate,theta_H1,theta_H1_rate,psi_L2,psi_L2_rate
3,1.767767e-02,31234,3.2872,1.0220e-09,0.00,5.30e-07,0.00,1.04e-09,0.00
4,8.838835e-03,123906,22.5386,1.2776e-10,3.00,1.32e-07,2.00,1.28e-10,3.02
