step,time,ramp_factor,h_a_left,h_a_center,h_a_right,h_a_center_x,h_a_center_y,h_a_min,h_a_max,center_edge_ratio,uniformity
1,1.000000e-03,2.380952e-04,4.370540e-02,5.070492e-02,4.370540e-02,3.588480e-18,5.070492e-02,4.019539e-02,5.070492e-02,1.160152e+00,7.927316e-01
2,2.000000e-03,4.761905e-04,8.741081e-02,1.014098e-01,8.741081e-02,7.176960e-18,1.014098e-01,8.039078e-02,1.014098e-01,1.160152e+00,7.927316e-01
3,3.000000e-03,7.142857e-04,1.311162e-01,1.521147e-01,1.311162e-01,1.044189e-17,1.521147e-01,1.205862e-01,1.521147e-01,1.160152e+00,7.927316e-01
4,4.000000e-03,9.523810e-04,1.748216e-01,2.028197e-01,1.748216e-01,1.435392e-17,2.028197e-01,1.607816e-01,2.028197e-01,1.160152e+00,7.927316e-01
5,5.000000e-03,1.190476e-03,2.185270e-01,2.535246e-01,2.185270e-01,1.838122e-17,2.535246e-01,2.009770e-01,2.535246e-01,1.160152e+00,7.927316e-01
