refinement,h,phi_L2,phi_L2_rate,phi_H1,phi_H1_rate,M_L2,M_L2_rate,time
3,0.0125,0.0566631,0,0.323274,0,0.316519,0,4.07049
4,0.00625,0.0566631,3.7766e-09,0.323274,8.53657e-09,0.316519,-1.27639e-08,16.2011
5,0.003125,0.0566631,2.37149e-10,0.323274,5.35385e-10,0.316519,-8.00432e-10,72.7872
