refinement,h,n_dofs,wall_time,M_L2,M_L2_rate
3,1.767767e-02,30720,50.8829,1.8586e-05,0.0000
4,8.838835e-03,122880,216.7565,4.6466e-06,1.9999
