step,time,ramp_factor,h_a_left,h_a_center,h_a_right,h_a_center_x,h_a_center_y,h_a_min,h_a_max,center_edge_ratio,uniformity
1,5.000000e-04,3.125000e-04,4.026731e-02,4.029463e-02,4.026731e-02,-1.355253e-20,4.029463e-02,4.025195e-02,4.029463e-02,1.000679e+00,9.989408e-01
2,1.000000e-03,6.250000e-04,8.053462e-02,8.058927e-02,8.053462e-02,-2.710505e-20,8.058927e-02,8.050391e-02,8.058927e-02,1.000679e+00,9.989408e-01
3,1.500000e-03,9.375000e-04,1.208019e-01,1.208839e-01,1.208019e-01,3.930233e-19,1.208839e-01,1.207559e-01,1.208839e-01,1.000679e+00,9.989408e-01
4,2.000000e-03,1.250000e-03,1.610692e-01,1.611785e-01,1.610692e-01,-5.421011e-20,1.611785e-01,1.610078e-01,1.611785e-01,1.000679e+00,9.989408e-01
5,2.500000e-03,1.562500e-03,2.013365e-01,2.014732e-01,2.013365e-01,-5.014435e-19,2.014732e-01,2.012598e-01,2.014732e-01,1.000679e+00,9.989408e-01
